id,message,label
1,"Hello, how are you?",safe
2,"Can you send me the assignment?",safe
3,"Let's meet tomorrow at 5 PM",safe
4,"Please call me when you are free",safe
5,"Your meeting is scheduled for tomorrow",safe
6,"Thanks for your help",safe
7,"Can you share the notes?",safe
8,"I will reach home soon",safe
9,"Where are you?",safe
10,"Good morning, have a nice day",safe
11,"Please send me the project file",safe
12,"Are you coming to university today?",safe
13,"Your class starts at 10 AM",safe
14,"I will call you later",safe
15,"Thank you for your message",safe
16,"Can you help me with this task?",safe
17,"The meeting has been moved to Monday",safe
18,"Please send me the document when you can",safe
19,"I am waiting outside the office",safe
20,"What time will you arrive?",safe
21,"Don't forget to bring your laptop",safe
22,"I completed the assignment today",safe
23,"Can you explain this question?",safe
24,"Let's discuss the project tomorrow",safe
25,"I have uploaded the file",safe
26,"Please check your email",safe
27,"The class has been cancelled today",safe
28,"I will send the report tonight",safe
29,"Can we talk after lunch?",safe
30,"Where should we meet?",safe
31,"Your order has been delivered",safe
32,"Your appointment is confirmed for Monday",safe
33,"Please bring your ID card",safe
34,"I am going to the university",safe
35,"Can you review my code?",safe
36,"The project deadline is next week",safe
37,"I received your message",safe
38,"Please send the meeting link",safe
39,"I will be late today",safe
40,"Let's work on the presentation together",safe
41,"Can you share the presentation slides?",safe
42,"I need help with my computer",safe
43,"The teacher uploaded new notes",safe
44,"Please remind me tomorrow",safe
45,"I will submit the assignment tonight",safe
46,"Can you call me after class?",safe
47,"The office is closed today",safe
48,"I have sent the payment",safe
49,"Please confirm the meeting time",safe
50,"I am on my way home",safe
51,"Can you send me your location?",safe
52,"The exam starts at 9 AM",safe
53,"I will meet you at the library",safe
54,"Please check the attached file",safe
55,"Thanks, I received the document",safe
56,"Can you help me install the software?",safe
57,"The internet is working now",safe
58,"I will contact you tomorrow",safe
59,"Please send the updated version",safe
60,"Everything is ready for the meeting",safe
61,"Congratulations! You have won Rs. 50,000",spam
62,"You won a lottery prize! Claim now",spam
63,"URGENT! Verify your account immediately",spam
64,"Click here to claim your free prize",spam
65,"Free money available. Send your details now",spam
66,"Your account has been selected for a cash reward",spam
67,"Congratulations winner! Claim your reward now",spam
68,"Limited time offer! Click here now",spam
69,"You have won a free iPhone. Claim now",spam
70,"Urgent! Your account will be blocked. Verify now",spam
71,"Send your OTP to receive your prize",spam
72,"Claim your lottery prize immediately",spam
73,"You are the lucky winner of Rs. 100,000",spam
74,"Click here to receive free money",spam
75,"Your bank account needs urgent verification",spam
76,"Congratulations! Claim your reward today",spam
77,"Investment opportunity with guaranteed profit, click here",spam
78,"Send money now to receive your prize",spam
79,"Your credit card has won a reward",spam
80,"Verify your password immediately by clicking this link",spam
81,"You have been selected for a special cash bonus",spam
82,"Claim your exclusive reward before it expires",spam
83,"URGENT! Your payment account requires verification",spam
84,"Win a brand new phone by clicking this link",spam
85,"You are today's lucky winner, claim your cash",spam
86,"Free gift waiting for you, claim it now",spam
87,"Your account will be suspended unless you verify now",spam
88,"Congratulations! You qualify for free money",spam
89,"Click here to unlock your reward",spam
90,"Send your bank details to receive payment",spam
91,"You won a special bonus, claim immediately",spam
92,"Your password has expired, verify your account now",spam
93,"Exclusive offer! Receive cash instantly",spam
94,"Lottery winner! Send your information to claim",spam
95,"Urgent account verification required, click here",spam
96,"Get free money today by completing this offer",spam
97,"You have received a reward, confirm your details",spam
98,"Claim your prize before the limited time expires",spam
99,"Your account has won a cash reward",spam
100,"Click here now to receive your bonus",spam
101,"Congratulations! You are eligible for a free gift",spam
102,"Verify your bank account to receive your money",spam
103,"You have won a shopping voucher, claim now",spam
104,"Urgent! Send your OTP to confirm the transaction",spam
105,"Guaranteed investment profit available today",spam
106,"Claim your free reward by clicking this link",spam
107,"Your credit card reward is waiting, verify now",spam
108,"You are selected for an exclusive cash prize",spam
109,"Send your personal details to claim your reward",spam
110,"Your account security requires immediate verification",spam
111,"Winner notification! Claim your lottery money",spam
112,"Free cash offer available for selected users",spam
113,"Click the link to activate your reward",spam
114,"Your account has been chosen for a special bonus",spam
115,"Urgent! Confirm your password to avoid account suspension",spam
116,"Congratulations! You won a shopping prize",spam
117,"Claim your money now before the offer expires",spam
118,"Verify your identity to receive your cash reward",spam
119,"Limited time! Get your free prize now",spam
120,"Send your account information to claim the reward",spam